category,concept_id,score,fi,chronic_category
Activity limitation,4053246,1,efi_sno,0
Activity limitation,4059770,1,efi_sno,0
Activity limitation,4052648,1,efi_sno,0
Activity limitation,44802445,1,efi_sno,0
Activity limitation,4167605,1,efi_sno,0
Anaemia and haematinic deficiency,40332688,1,efi_sno,0
Anaemia and haematinic deficiency,4058711,1,efi_sno,0
Anaemia and haematinic deficiency,4059187,1,efi_sno,0
Anaemia and haematinic deficiency,4059188,1,efi_sno,0
Anaemia and haematinic deficiency,4077222,1,efi_sno,0
Anaemia and haematinic deficiency,4306430,1,efi_sno,0
Anaemia and haematinic deficiency,4306582,1,efi_sno,0
Anaemia and haematinic deficiency,4061927,1,efi_sno,0
Anaemia and haematinic deficiency,4099508,1,efi_sno,0
Anaemia and haematinic deficiency,4003186,1,efi_sno,0
Anaemia and haematinic deficiency,136949,1,efi_sno,0
Anaemia and haematinic deficiency,4002495,1,efi_sno,0
Anaemia and haematinic deficiency,4029669,1,efi_sno,0
Anaemia and haematinic deficiency,4029670,1,efi_sno,0
Anaemia and haematinic deficiency,4003185,1,efi_sno,0
Anaemia and haematinic deficiency,4101280,1,efi_sno,0
Anaemia and haematinic deficiency,4100822,1,efi_sno,0
Anaemia and haematinic deficiency,40389959,1,efi_sno,0
Anaemia and haematinic deficiency,40389960,1,efi_sno,0
Anaemia and haematinic deficiency,40389961,1,efi_sno,0
Anaemia and haematinic deficiency,4100985,1,efi_sno,0
Anaemia and haematinic deficiency,4198185,1,efi_sno,0
Anaemia and haematinic deficiency,4262948,1,efi_sno,0
Anaemia and haematinic deficiency,436659,1,efi_sno,0
Anaemia and haematinic deficiency,4213893,1,efi_sno,0
Anaemia and haematinic deficiency,4098627,1,efi_sno,0
Anaemia and haematinic deficiency,435789,1,efi_sno,0
Anaemia and haematinic deficiency,40389974,1,efi_sno,0
Anaemia and haematinic deficiency,432588,1,efi_sno,0
Anaemia and haematinic deficiency,40389977,1,efi_sno,0
Anaemia and haematinic deficiency,4098740,1,efi_sno,0
Anaemia and haematinic deficiency,440977,1,efi_sno,0
Anaemia and haematinic deficiency,40389983,1,efi_sno,0
Anaemia and haematinic deficiency,4100987,1,efi_sno,0
Anaemia and haematinic deficiency,4098008,1,efi_sno,0
Anaemia and haematinic deficiency,4098009,1,efi_sno,0
Anaemia and haematinic deficiency,4101458,1,efi_sno,0
Anaemia and haematinic deficiency,436083,1,efi_sno,0
Anaemia and haematinic deficiency,4276524,1,efi_sno,0
Anaemia and haematinic deficiency,434622,1,efi_sno,0
Anaemia and haematinic deficiency,40390003,1,efi_sno,0
Anaemia and haematinic deficiency,435503,1,efi_sno,0
Anaemia and haematinic deficiency,30978,1,efi_sno,0
Anaemia and haematinic deficiency,4132431,1,efi_sno,0
Anaemia and haematinic deficiency,40390034,1,efi_sno,0
Anaemia and haematinic deficiency,22281,1,efi_sno,0
Anaemia and haematinic deficiency,30683,1,efi_sno,0
Anaemia and haematinic deficiency,26942,1,efi_sno,0
Anaemia and haematinic deficiency,440979,1,efi_sno,0
Anaemia and haematinic deficiency,40390052,1,efi_sno,0
Anaemia and haematinic deficiency,4098017,1,efi_sno,0
Anaemia and haematinic deficiency,4098753,1,efi_sno,0
Anaemia and haematinic deficiency,4098754,1,efi_sno,0
Anaemia and haematinic deficiency,4101578,1,efi_sno,0
Anaemia and haematinic deficiency,441269,1,efi_sno,0
Anaemia and haematinic deficiency,437834,1,efi_sno,0
Anaemia and haematinic deficiency,4098018,1,efi_sno,0
Anaemia and haematinic deficiency,4198102,1,efi_sno,0
Anaemia and haematinic deficiency,4098019,1,efi_sno,0
Anaemia and haematinic deficiency,4218100,1,efi_sno,0
Anaemia and haematinic deficiency,4297537,1,efi_sno,0
Anaemia and haematinic deficiency,439777,1,efi_sno,0
Anaemia and haematinic deficiency,137829,1,efi_sno,0
Anaemia and haematinic deficiency,40390408,1,efi_sno,0
Anaemia and haematinic deficiency,4146087,1,efi_sno,0
Anaemia and haematinic deficiency,4120448,1,efi_sno,0
Anaemia and haematinic deficiency,4101582,1,efi_sno,0
Anaemia and haematinic deficiency,4146088,1,efi_sno,0
Anaemia and haematinic deficiency,4101583,1,efi_sno,0
Anaemia and haematinic deficiency,4098027,1,efi_sno,0
Anaemia and haematinic deficiency,4100998,1,efi_sno,0
Anaemia and haematinic deficiency,4098760,1,efi_sno,0
Anaemia and haematinic deficiency,40390425,1,efi_sno,0
Anaemia and haematinic deficiency,4098145,1,efi_sno,0
Anaemia and haematinic deficiency,432282,1,efi_sno,0
Anaemia and haematinic deficiency,4231887,1,efi_sno,0
Anaemia and haematinic deficiency,4101584,1,efi_sno,0
Anaemia and haematinic deficiency,4101000,1,efi_sno,0
Anaemia and haematinic deficiency,40390437,1,efi_sno,0
Anaemia and haematinic deficiency,441258,1,efi_sno,0
Anaemia and haematinic deficiency,4101001,1,efi_sno,0
Anaemia and haematinic deficiency,40390451,1,efi_sno,0
Anaemia and haematinic deficiency,4280354,1,efi_sno,0
Anaemia and haematinic deficiency,4147491,1,efi_sno,0
Anaemia and haematinic deficiency,438722,1,efi_sno,0
Anaemia and haematinic deficiency,437247,1,efi_sno,0
Anaemia and haematinic deficiency,4114026,1,efi_sno,0
Anaemia and haematinic deficiency,4122924,1,efi_sno,0
Anaemia and haematinic deficiency,4121106,1,efi_sno,0
Anaemia and haematinic deficiency,4308125,1,efi_sno,0
Anaemia and haematinic deficiency,4125491,1,efi_sno,0
Anaemia and haematinic deficiency,434616,1,efi_sno,0
Anaemia and haematinic deficiency,4219853,1,efi_sno,0
Anaemia and haematinic deficiency,4122927,1,efi_sno,0
Anaemia and haematinic deficiency,4122928,1,efi_sno,0
Anaemia and haematinic deficiency,4300295,1,efi_sno,0
Anaemia and haematinic deficiency,140681,1,efi_sno,0
Anaemia and haematinic deficiency,4173028,1,efi_sno,0
Anaemia and haematinic deficiency,4160887,1,efi_sno,0
Anaemia and haematinic deficiency,4122079,1,efi_sno,0
Anaemia and haematinic deficiency,4116343,1,efi_sno,0
Anaemia and haematinic deficiency,44810002,1,efi_sno,0
Anaemia and haematinic deficiency,4028718,1,efi_sno,0
Anaemia and haematinic deficiency,4146771,1,efi_sno,0
Anaemia and haematinic deficiency,4146936,1,efi_sno,0
Anaemia and haematinic deficiency,4150547,1,efi_sno,0
Anaemia and haematinic deficiency,443961,1,efi_sno,0
Anaemia and haematinic deficiency,44789939,1,efi_sno,0
Anaemia and haematinic deficiency,44789940,1,efi_sno,0
Anaemia and haematinic deficiency,40479193,1,efi_sno,0
Anaemia and haematinic deficiency,44806268,1,efi_sno,0
Anaemia and haematinic deficiency,432875,1,efi_sno,0
Anaemia and haematinic deficiency,4143351,1,efi_sno,0
Anaemia and haematinic deficiency,4146086,1,efi_sno,0
Anaemia and haematinic deficiency,4184758,1,efi_sno,0
Anaemia and haematinic deficiency,434894,1,efi_sno,0
Anaemia and haematinic deficiency,40351339,1,efi_sno,0
Anaemia and haematinic deficiency,40351340,1,efi_sno,0
Anaemia and haematinic deficiency,432295,1,efi_sno,0
Anaemia and haematinic deficiency,4153000,1,efi_sno,0
Anaemia and haematinic deficiency,37393847,1,efi_sno,0
Arthritis,4058299,1,efi_sno,1
Arthritis,4060067,1,efi_sno,1
Arthritis,4056705,1,efi_sno,1
Arthritis,4058913,1,efi_sno,1
Arthritis,4079526,1,efi_sno,1
Arthritis,40263189,1,efi_sno,1
Arthritis,4101113,1,efi_sno,1
Arthritis,4096347,1,efi_sno,1
Arthritis,440674,1,efi_sno,1
Arthritis,74892,1,efi_sno,1
Arthritis,4116142,1,efi_sno,1
Arthritis,74125,1,efi_sno,1
Arthritis,80809,1,efi_sno,1
Arthritis,4116439,1,efi_sno,1
Arthritis,437082,1,efi_sno,1
Arthritis,4114439,1,efi_sno,1
Arthritis,4116149,1,efi_sno,1
Arthritis,4116440,1,efi_sno,1
Arthritis,4116441,1,efi_sno,1
Arthritis,4116442,1,efi_sno,1
Arthritis,4116443,1,efi_sno,1
Arthritis,4114440,1,efi_sno,1
Arthritis,4116150,1,efi_sno,1
Arthritis,4116444,1,efi_sno,1
Arthritis,4116151,1,efi_sno,1
Arthritis,4116445,1,efi_sno,1
Arthritis,4116446,1,efi_sno,1
Arthritis,4116152,1,efi_sno,1
Arthritis,4179378,1,efi_sno,1
Arthritis,4114441,1,efi_sno,1
Arthritis,4116153,1,efi_sno,1
Arthritis,4114442,1,efi_sno,1
Arthritis,4114444,1,efi_sno,1
Arthritis,80180,1,efi_sno,1
Arthritis,75617,1,efi_sno,1
Arthritis,4116451,1,efi_sno,1
Arthritis,72405,1,efi_sno,1
Arthritis,40400725,1,efi_sno,1
Arthritis,4079749,1,efi_sno,1
Arthritis,4079750,1,efi_sno,1
Arthritis,73553,1,efi_sno,1
Arthritis,40403943,1,efi_sno,1
Arthritis,78230,1,efi_sno,1
Arthritis,4035611,1,efi_sno,1
Arthritis,4159739,1,efi_sno,1
Arthritis,4286642,1,efi_sno,1
Arthritis,4083556,1,efi_sno,1
Arthritis,4035427,1,efi_sno,1
Arthritis,4035439,1,efi_sno,1
Arthritis,4117686,1,efi_sno,1
Arthritis,4115161,1,efi_sno,1
Arthritis,4117687,1,efi_sno,1
Arthritis,78227,1,efi_sno,1
Arthritis,4201228,1,efi_sno,1
Arthritis,4147418,1,efi_sno,1
Arthritis,40481048,1,efi_sno,1
Arthritis,4138870,1,efi_sno,1
Arthritis,4078547,1,efi_sno,1
Arthritis,4291025,1,efi_sno,1
Arthritis,4167092,1,efi_sno,1
Arthritis,4077228,1,efi_sno,1
Arthritis,4078299,1,efi_sno,1
Atrial fibrillation,4061098,1,efi_sno,0
Atrial fibrillation,4064452,1,efi_sno,0
Atrial fibrillation,4065288,1,efi_sno,0
Atrial fibrillation,4020234,1,efi_sno,0
Atrial fibrillation,4108832,1,efi_sno,0
Atrial fibrillation,313217,1,efi_sno,0
Atrial fibrillation,314665,1,efi_sno,0
Atrial fibrillation,4119601,1,efi_sno,0
Atrial fibrillation,4119602,1,efi_sno,0
Atrial fibrillation,4154290,1,efi_sno,0
Atrial fibrillation,4117112,1,efi_sno,0
Atrial fibrillation,4194288,1,efi_sno,0
Atrial fibrillation,4199501,1,efi_sno,0
Atrial fibrillation,4047554,1,efi_sno,0
Atrial fibrillation,44803652,1,efi_sno,0
Atrial fibrillation,44803909,1,efi_sno,0
Atrial fibrillation,44803842,1,efi_sno,0
Atrial fibrillation,44790918,1,efi_sno,0
Atrial fibrillation,4232697,1,efi_sno,0
Atrial fibrillation,4232691,1,efi_sno,0
Atrial fibrillation,40345197,1,efi_sno,0
Atrial fibrillation,44792469,1,efi_sno,0
Atrial fibrillation,35609719,1,efi_sno,0
Atrial fibrillation,42536433,1,efi_sno,0
Atrial fibrillation,35621770,1,efi_sno,0
Atrial fibrillation,44806840,1,efi_sno,0
Cerebrovascular disease,4077982,1,efi_sno,1
Cerebrovascular disease,4058289,1,efi_sno,1
Cerebrovascular disease,4015738,1,efi_sno,1
Cerebrovascular disease,4338523,1,efi_sno,1
Cerebrovascular disease,381591,1,efi_sno,1
Cerebrovascular disease,40392702,1,efi_sno,1
Cerebrovascular disease,4111709,1,efi_sno,1
Cerebrovascular disease,442615,1,efi_sno,1
Cerebrovascular disease,40392729,1,efi_sno,1
Cerebrovascular disease,441874,1,efi_sno,1
Cerebrovascular disease,373503,1,efi_sno,1
Cerebrovascular disease,4112021,1,efi_sno,1
Cerebrovascular disease,381316,1,efi_sno,1
Cerebrovascular disease,4111710,1,efi_sno,1
Cerebrovascular disease,4111711,1,efi_sno,1
Cerebrovascular disease,4112022,1,efi_sno,1
Cerebrovascular disease,316437,1,efi_sno,1
Cerebrovascular disease,4006976,1,efi_sno,1
Cerebrovascular disease,4180770,1,efi_sno,1
Cerebrovascular disease,434056,1,efi_sno,1
Cerebrovascular disease,435959,1,efi_sno,1
Cerebrovascular disease,4014781,1,efi_sno,1
Cerebrovascular disease,4017107,1,efi_sno,1
Cerebrovascular disease,4046093,1,efi_sno,1
Cerebrovascular disease,4046358,1,efi_sno,1
Cerebrovascular disease,4046359,1,efi_sno,1
Cerebrovascular disease,4046360,1,efi_sno,1
Cerebrovascular disease,4046362,1,efi_sno,1
Cerebrovascular disease,4046363,1,efi_sno,1
Cerebrovascular disease,4045747,1,efi_sno,1
Cerebrovascular disease,4045748,1,efi_sno,1
Cerebrovascular disease,4045755,1,efi_sno,1
Cerebrovascular disease,4136546,1,efi_sno,1
Cerebrovascular disease,42872427,1,efi_sno,1
Cerebrovascular disease,42873122,1,efi_sno,1
Cerebrovascular disease,4134162,1,efi_sno,1
Cerebrovascular disease,4079008,1,efi_sno,1
Cerebrovascular disease,4090122,1,efi_sno,1
Cerebrovascular disease,4106058,1,efi_sno,1
Cerebrovascular disease,4143575,1,efi_sno,1
Cerebrovascular disease,4143576,1,efi_sno,1
Cerebrovascular disease,4137423,1,efi_sno,1
Cerebrovascular disease,4145413,1,efi_sno,1
Cerebrovascular disease,4196275,1,efi_sno,1
Cerebrovascular disease,44783213,1,efi_sno,1
Cerebrovascular disease,44803773,1,efi_sno,1
Cerebrovascular disease,44803688,1,efi_sno,1
Cerebrovascular disease,44810067,1,efi_sno,1
Cerebrovascular disease,44787895,1,efi_sno,1
Cerebrovascular disease,4136755,1,efi_sno,1
Cerebrovascular disease,4215086,1,efi_sno,1
Cerebrovascular disease,4217709,1,efi_sno,1
Cerebrovascular disease,4212690,1,efi_sno,1
Cerebrovascular disease,4136455,1,efi_sno,1
Cerebrovascular disease,4215836,1,efi_sno,1
Cerebrovascular disease,4214819,1,efi_sno,1
Cerebrovascular disease,4217246,1,efi_sno,1
Cerebrovascular disease,44788885,1,efi_sno,1
Cerebrovascular disease,44790196,1,efi_sno,1
Cerebrovascular disease,44813770,1,efi_sno,1
Cerebrovascular disease,44801726,1,efi_sno,1
Cerebrovascular disease,44801895,1,efi_sno,1
Cerebrovascular disease,376713,1,efi_sno,1
Cerebrovascular disease,40345206,1,efi_sno,1
Cerebrovascular disease,40345207,1,efi_sno,1
Cerebrovascular disease,42873157,1,efi_sno,1
Cerebrovascular disease,4097325,1,efi_sno,1
Chronic kidney disease,4041883,1,efi_sno,1
Chronic kidney disease,192279,1,efi_sno,1
Chronic kidney disease,200687,1,efi_sno,1
Chronic kidney disease,443731,1,efi_sno,1
Chronic kidney disease,4099216,1,efi_sno,1
Chronic kidney disease,40395140,1,efi_sno,1
Chronic kidney disease,42537890,1,efi_sno,1
Chronic kidney disease,75650,1,efi_sno,1
Chronic kidney disease,46271022,1,efi_sno,1
Chronic kidney disease,4128221,1,efi_sno,1
Chronic kidney disease,4030664,1,efi_sno,1
Chronic kidney disease,4222553,1,efi_sno,1
Chronic kidney disease,4295011,1,efi_sno,1
Chronic kidney disease,4223739,1,efi_sno,1
Chronic kidney disease,4221487,1,efi_sno,1
Chronic kidney disease,44803834,1,efi_sno,1
Chronic kidney disease,44803801,1,efi_sno,1
Chronic kidney disease,443597,1,efi_sno,1
Chronic kidney disease,443612,1,efi_sno,1
Chronic kidney disease,443611,1,efi_sno,1
Chronic kidney disease,44791021,1,efi_sno,1
Chronic kidney disease,45763854,1,efi_sno,1
Chronic kidney disease,45763855,1,efi_sno,1
Chronic kidney disease,44792230,1,efi_sno,1
Chronic kidney disease,44792231,1,efi_sno,1
Chronic kidney disease,44792232,1,efi_sno,1
Chronic kidney disease,44792249,1,efi_sno,1
Chronic kidney disease,44792250,1,efi_sno,1
Chronic kidney disease,44792251,1,efi_sno,1
Chronic kidney disease,44792252,1,efi_sno,1
Chronic kidney disease,44792253,1,efi_sno,1
Chronic kidney disease,44792254,1,efi_sno,1
Chronic kidney disease,44792255,1,efi_sno,1
Chronic kidney disease,43021961,1,efi_sno,1
Chronic kidney disease,4213477,1,efi_sno,1
Chronic kidney disease,37392374,1,efi_sno,1
Chronic kidney disease,37393926,1,efi_sno,1
Chronic kidney disease,37392915,1,efi_sno,1
Chronic kidney disease,37394227,1,efi_sno,1
Chronic kidney disease,37399120,1,efi_sno,1
Chronic kidney disease,37394367,1,efi_sno,1
Chronic kidney disease,37398786,1,efi_sno,1
Diabetes,4306250,1,efi_sno,1
Diabetes,4016901,1,efi_sno,1
Diabetes,4016042,1,efi_sno,1
Diabetes,440922,1,efi_sno,1
Diabetes,4016904,1,efi_sno,1
Diabetes,4017048,1,efi_sno,1
Diabetes,4016050,1,efi_sno,1
Diabetes,4090231,1,efi_sno,1
Diabetes,201820,1,efi_sno,1
Diabetes,4008576,1,efi_sno,1
Diabetes,40386354,1,efi_sno,1
Diabetes,443727,1,efi_sno,1
Diabetes,439770,1,efi_sno,1
Diabetes,443734,1,efi_sno,1
Diabetes,4226238,1,efi_sno,1
Diabetes,4095288,1,efi_sno,1
Diabetes,4224254,1,efi_sno,1
Diabetes,4228443,1,efi_sno,1
Diabetes,443735,1,efi_sno,1
Diabetes,192279,1,efi_sno,1
Diabetes,443767,1,efi_sno,1
Diabetes,40386739,1,efi_sno,1
Diabetes,376065,1,efi_sno,1
Diabetes,443730,1,efi_sno,1
Diabetes,40386745,1,efi_sno,1
Diabetes,321822,1,efi_sno,1
Diabetes,200687,1,efi_sno,1
Diabetes,42538169,1,efi_sno,1
Diabetes,377821,1,efi_sno,1
Diabetes,4224709,1,efi_sno,1
Diabetes,4099214,1,efi_sno,1
Diabetes,4096668,1,efi_sno,1
Diabetes,4227210,1,efi_sno,1
Diabetes,40484648,1,efi_sno,1
Diabetes,4099215,1,efi_sno,1
Diabetes,44793113,1,efi_sno,1
Diabetes,443731,1,efi_sno,1
Diabetes,443733,1,efi_sno,1
Diabetes,4099216,1,efi_sno,1
Diabetes,4099651,1,efi_sno,1
Diabetes,4099217,1,efi_sno,1
Diabetes,4226121,1,efi_sno,1
Diabetes,40482801,1,efi_sno,1
Diabetes,4096041,1,efi_sno,1
Diabetes,4099653,1,efi_sno,1
Diabetes,442793,1,efi_sno,1
Diabetes,4175440,1,efi_sno,1
Diabetes,40391611,1,efi_sno,1
Diabetes,4105016,1,efi_sno,1
Diabetes,4105639,1,efi_sno,1
Diabetes,4101892,1,efi_sno,1
Diabetes,4174977,1,efi_sno,1
Diabetes,376683,1,efi_sno,1
Diabetes,376979,1,efi_sno,1
Diabetes,4063569,1,efi_sno,1
Diabetes,4043582,1,efi_sno,1
Diabetes,4046332,1,efi_sno,1
Diabetes,4048028,1,efi_sno,1
Diabetes,4334884,1,efi_sno,1
Diabetes,201254,1,efi_sno,1
Diabetes,201826,1,efi_sno,1
Diabetes,4130162,1,efi_sno,1
Diabetes,43531640,1,efi_sno,1
Diabetes,4130164,1,efi_sno,1
Diabetes,4130166,1,efi_sno,1
Diabetes,4263090,1,efi_sno,1
Diabetes,4146454,1,efi_sno,1
Diabetes,4276582,1,efi_sno,1
Diabetes,4208076,1,efi_sno,1
Diabetes,380097,1,efi_sno,1
Diabetes,378743,1,efi_sno,1
Diabetes,377552,1,efi_sno,1
Diabetes,376114,1,efi_sno,1
Diabetes,443412,1,efi_sno,1
Diabetes,4193704,1,efi_sno,1
Diabetes,4225055,1,efi_sno,1
Diabetes,37017431,1,efi_sno,1
Diabetes,4222415,1,efi_sno,1
Diabetes,37017432,1,efi_sno,1
Diabetes,4225656,1,efi_sno,1
Diabetes,4221495,1,efi_sno,1
Diabetes,45769830,1,efi_sno,1
Diabetes,4200875,1,efi_sno,1
Diabetes,4196141,1,efi_sno,1
Diabetes,4198296,1,efi_sno,1
Diabetes,4151281,1,efi_sno,1
Diabetes,36714116,1,efi_sno,1
Diabetes,4190441,1,efi_sno,1
Diabetes,4086751,1,efi_sno,1
Diabetes,4047556,1,efi_sno,1
Diabetes,4295036,1,efi_sno,1
Diabetes,4269024,1,efi_sno,1
Diabetes,4128221,1,efi_sno,1
Diabetes,4030664,1,efi_sno,1
Diabetes,4222553,1,efi_sno,1
Diabetes,4295011,1,efi_sno,1
Diabetes,4223739,1,efi_sno,1
Diabetes,4221487,1,efi_sno,1
Diabetes,44803911,1,efi_sno,1
Diabetes,44803689,1,efi_sno,1
Diabetes,44803836,1,efi_sno,1
Diabetes,4236285,1,efi_sno,1
Diabetes,4256630,1,efi_sno,1
Diabetes,4235255,1,efi_sno,1
Diabetes,4255392,1,efi_sno,1
Diabetes,4235256,1,efi_sno,1
Diabetes,4255399,1,efi_sno,1
Diabetes,4255400,1,efi_sno,1
Diabetes,4255401,1,efi_sno,1
Diabetes,4223463,1,efi_sno,1
Diabetes,4221344,1,efi_sno,1
Diabetes,4235410,1,efi_sno,1
Diabetes,42537120,1,efi_sno,1
Diabetes,4219845,1,efi_sno,1
Diabetes,44788733,1,efi_sno,1
Diabetes,37017429,1,efi_sno,1
Diabetes,37018728,1,efi_sno,1
Diabetes,44790887,1,efi_sno,1
Diabetes,4145827,1,efi_sno,1
Diabetes,44792868,1,efi_sno,1
Diabetes,44805212,1,efi_sno,1
Diabetes,43021173,1,efi_sno,1
Diabetes,43021174,1,efi_sno,1
Diabetes,40350831,1,efi_sno,1
Diabetes,40350836,1,efi_sno,1
Diabetes,40350837,1,efi_sno,1
Diabetes,376112,1,efi_sno,1
Diabetes,443238,1,efi_sno,1
Diabetes,4226354,1,efi_sno,1
Dizziness,40332732,1,efi_sno,0
Dizziness,4012520,1,efi_sno,0
Dizziness,4335747,1,efi_sno,0
Dizziness,78162,1,efi_sno,0
Dizziness,4111253,1,efi_sno,0
Dizziness,79833,1,efi_sno,0
Dizziness,81303,1,efi_sno,0
Dizziness,433316,1,efi_sno,0
Dizziness,4223938,1,efi_sno,0
Dizziness,439383,1,efi_sno,0
Dizziness,4335745,1,efi_sno,0
Dizziness,4335746,1,efi_sno,0
Dizziness,4194391,1,efi_sno,0
Dizziness,4337454,1,efi_sno,0
Dizziness,4224944,1,efi_sno,0
Dizziness,4196201,1,efi_sno,0
Dizziness,4079560,1,efi_sno,0
Dizziness,4319017,1,efi_sno,0
Dizziness,81878,1,efi_sno,0
Dizziness,4141386,1,efi_sno,0
Dizziness,4198449,1,efi_sno,0
Dizziness,4147179,1,efi_sno,0
Dizziness,4111254,1,efi_sno,0
Dizziness,4077223,1,efi_sno,0
Dyspnoea,312437,1,efi_sno,0
Dyspnoea,4059021,1,efi_sno,0
Dyspnoea,4059022,1,efi_sno,0
Dyspnoea,4060052,1,efi_sno,0
Dyspnoea,4041664,1,efi_sno,0
Dyspnoea,4060439,1,efi_sno,0
Dyspnoea,4263848,1,efi_sno,0
Dyspnoea,4310172,1,efi_sno,0
Falls,4059015,1,efi_sno,0
Falls,435991,1,efi_sno,0
Falls,437175,1,efi_sno,0
Falls,4087528,1,efi_sno,0
Falls,4185197,1,efi_sno,0
Falls,4184243,1,efi_sno,0
Falls,44790998,1,efi_sno,0
Falls,44791368,1,efi_sno,0
Falls,44791740,1,efi_sno,0
Falls,4310026,1,efi_sno,0
Foot problems,4053100,1,efi_sno,0
Foot problems,4085778,1,efi_sno,0
Foot problems,137063,1,efi_sno,0
Foot problems,4168775,1,efi_sno,0
Foot problems,4126101,1,efi_sno,0
Foot problems,4143127,1,efi_sno,0
Foot problems,4136647,1,efi_sno,0
Fragility fracture,40262821,1,efi_sno,1
Fragility fracture,4211987,1,efi_sno,1
Fragility fracture,4150726,1,efi_sno,1
Fragility fracture,4075914,1,efi_sno,1
Fragility fracture,40262909,1,efi_sno,1
Fragility fracture,4079100,1,efi_sno,1
Fragility fracture,4077624,1,efi_sno,1
Fragility fracture,4159841,1,efi_sno,1
Fragility fracture,4079102,1,efi_sno,1
Fragility fracture,4076334,1,efi_sno,1
Fragility fracture,4079114,1,efi_sno,1
Fragility fracture,4001458,1,efi_sno,1
Fragility fracture,40399864,1,efi_sno,1
Fragility fracture,4069525,1,efi_sno,1
Fragility fracture,40480160,1,efi_sno,1
Fragility fracture,437993,1,efi_sno,1
Fragility fracture,4011657,1,efi_sno,1
Fragility fracture,4009286,1,efi_sno,1
Fragility fracture,4013596,1,efi_sno,1
Fragility fracture,4013155,1,efi_sno,1
Fragility fracture,4013597,1,efi_sno,1
Fragility fracture,4013601,1,efi_sno,1
Fragility fracture,4013604,1,efi_sno,1
Fragility fracture,4013605,1,efi_sno,1
Fragility fracture,4008220,1,efi_sno,1
Fragility fracture,4013158,1,efi_sno,1
Fragility fracture,4013612,1,efi_sno,1
Fragility fracture,4013613,1,efi_sno,1
Fragility fracture,4008356,1,efi_sno,1
Fragility fracture,4013747,1,efi_sno,1
Fragility fracture,4010070,1,efi_sno,1
Fragility fracture,4008510,1,efi_sno,1
Fragility fracture,4009296,1,efi_sno,1
Fragility fracture,40407398,1,efi_sno,1
Fragility fracture,440538,1,efi_sno,1
Fragility fracture,40407425,1,efi_sno,1
Fragility fracture,4010376,1,efi_sno,1
Fragility fracture,4131595,1,efi_sno,1
Fragility fracture,439946,1,efi_sno,1
Fragility fracture,40408241,1,efi_sno,1
Fragility fracture,4015494,1,efi_sno,1
Fragility fracture,437703,1,efi_sno,1
Fragility fracture,4015495,1,efi_sno,1
Fragility fracture,4009606,1,efi_sno,1
Fragility fracture,4173672,1,efi_sno,1
Fragility fracture,4009607,1,efi_sno,1
Fragility fracture,4012433,1,efi_sno,1
Fragility fracture,4015496,1,efi_sno,1
Fragility fracture,433856,1,efi_sno,1
Fragility fracture,4015976,1,efi_sno,1
Fragility fracture,4015501,1,efi_sno,1
Fragility fracture,40408550,1,efi_sno,1
Fragility fracture,4015502,1,efi_sno,1
Fragility fracture,4009610,1,efi_sno,1
Fragility fracture,4015979,1,efi_sno,1
Fragility fracture,4012436,1,efi_sno,1
Fragility fracture,4015981,1,efi_sno,1
Fragility fracture,4015503,1,efi_sno,1
Fragility fracture,40408569,1,efi_sno,1
Fragility fracture,436248,1,efi_sno,1
Fragility fracture,442560,1,efi_sno,1
Fragility fracture,4015764,1,efi_sno,1
Fragility fracture,4017669,1,efi_sno,1
Fragility fracture,4012285,1,efi_sno,1
Fragility fracture,4015081,1,efi_sno,1
Fragility fracture,4018351,1,efi_sno,1
Fragility fracture,4343476,1,efi_sno,1
Fragility fracture,4343557,1,efi_sno,1
Fragility fracture,4343341,1,efi_sno,1
Fragility fracture,4346396,1,efi_sno,1
Fragility fracture,4346398,1,efi_sno,1
Fragility fracture,4346399,1,efi_sno,1
Fragility fracture,4343558,1,efi_sno,1
Fragility fracture,4343342,1,efi_sno,1
Fragility fracture,4138277,1,efi_sno,1
Fragility fracture,4174520,1,efi_sno,1
Fragility fracture,4134322,1,efi_sno,1
Fragility fracture,4047787,1,efi_sno,1
Fragility fracture,4307813,1,efi_sno,1
Fragility fracture,4053828,1,efi_sno,1
Fragility fracture,4138301,1,efi_sno,1
Fragility fracture,4138412,1,efi_sno,1
Fragility fracture,4135747,1,efi_sno,1
Fragility fracture,4136839,1,efi_sno,1
Fragility fracture,4136840,1,efi_sno,1
Fragility fracture,4133012,1,efi_sno,1
Fragility fracture,4135748,1,efi_sno,1
Fragility fracture,4083820,1,efi_sno,1
Fragility fracture,4085377,1,efi_sno,1
Fragility fracture,4085893,1,efi_sno,1
Fragility fracture,4085898,1,efi_sno,1
Fragility fracture,4083822,1,efi_sno,1
Fragility fracture,4085250,1,efi_sno,1
Fragility fracture,4085890,1,efi_sno,1
Fragility fracture,4103168,1,efi_sno,1
Fragility fracture,4199545,1,efi_sno,1
Fragility fracture,4144784,1,efi_sno,1
Fragility fracture,440863,1,efi_sno,1
Fragility fracture,136834,1,efi_sno,1
Fragility fracture,4207924,1,efi_sno,1
Fragility fracture,4209549,1,efi_sno,1
Fragility fracture,4210556,1,efi_sno,1
Fragility fracture,4206888,1,efi_sno,1
Fragility fracture,4347301,1,efi_sno,1
Fragility fracture,4209104,1,efi_sno,1
Fragility fracture,4199800,1,efi_sno,1
Fragility fracture,4194599,1,efi_sno,1
Fragility fracture,4193154,1,efi_sno,1
Fragility fracture,4192270,1,efi_sno,1
Fragility fracture,4307182,1,efi_sno,1
Fragility fracture,44791986,1,efi_sno,1
Fragility fracture,4076202,1,efi_sno,1
Fragility fracture,4144424,1,efi_sno,1
Fragility fracture,46270903,1,efi_sno,1
Fragility fracture,438269,1,efi_sno,1
Fragility fracture,437402,1,efi_sno,1
Fragility fracture,434493,1,efi_sno,1
Fragility fracture,442598,1,efi_sno,1
Fragility fracture,435950,1,efi_sno,1
Fragility fracture,4149547,1,efi_sno,1
Fragility fracture,434767,1,efi_sno,1
Fragility fracture,434500,1,efi_sno,1
Fragility fracture,4151707,1,efi_sno,1
Fragility fracture,4164228,1,efi_sno,1
Fragility fracture,4167914,1,efi_sno,1
Fragility fracture,4169989,1,efi_sno,1
Hearing impairment,4038030,1,efi_sno,0
Hearing impairment,40326951,1,efi_sno,0
Hearing impairment,4038031,1,efi_sno,0
Hearing impairment,4224197,1,efi_sno,0
Hearing impairment,4036957,1,efi_sno,0
Hearing impairment,4062469,1,efi_sno,0
Hearing impairment,4064207,1,efi_sno,0
Hearing impairment,4064208,1,efi_sno,0
Hearing impairment,4064081,1,efi_sno,0
Hearing impairment,4084061,1,efi_sno,0
Hearing impairment,4081944,1,efi_sno,0
Hearing impairment,4086280,1,efi_sno,0
Hearing impairment,4086281,1,efi_sno,0
Hearing impairment,377574,1,efi_sno,0
Hearing impairment,377889,1,efi_sno,0
Hearing impairment,377888,1,efi_sno,0
Hearing impairment,40388949,1,efi_sno,0
Hearing impairment,381312,1,efi_sno,0
Hearing impairment,4110815,1,efi_sno,0
Hearing impairment,379832,1,efi_sno,0
Hearing impairment,44790126,1,efi_sno,0
Hearing impairment,4048164,1,efi_sno,0
Hearing impairment,4051469,1,efi_sno,0
Hearing impairment,4173753,1,efi_sno,0
Hearing impairment,4107706,1,efi_sno,0
Hearing impairment,4246497,1,efi_sno,0
Hearing impairment,4079298,1,efi_sno,0
Hearing impairment,4198301,1,efi_sno,0
Hearing impairment,374366,1,efi_sno,0
Hearing impairment,4150172,1,efi_sno,0
Hearing impairment,4155091,1,efi_sno,0
Hearing impairment,40352405,1,efi_sno,0
Hearing impairment,4154013,1,efi_sno,0
Hearing impairment,376525,1,efi_sno,0
Hearing impairment,44812769,1,efi_sno,0
Heart failure,4059317,1,efi_sno,1
Heart failure,4206307,1,efi_sno,1
Heart failure,316139,1,efi_sno,1
Heart failure,40392293,1,efi_sno,1
Heart failure,4023479,1,efi_sno,1
Heart failure,4229440,1,efi_sno,1
Heart failure,40392299,1,efi_sno,1
Heart failure,442310,1,efi_sno,1
Heart failure,4235646,1,efi_sno,1
Heart failure,4124705,1,efi_sno,1
Heart failure,4273632,1,efi_sno,1
Heart failure,4206728,1,efi_sno,1
Heart failure,4199500,1,efi_sno,1
Heart failure,4047088,1,efi_sno,1
Heart failure,4046878,1,efi_sno,1
Heart failure,4223299,1,efi_sno,1
Heart failure,4215689,1,efi_sno,1
Heart failure,4305741,1,efi_sno,1
Heart failure,4193010,1,efi_sno,1
Heart failure,4248531,1,efi_sno,1
Heart failure,4226789,1,efi_sno,1
Heart failure,4227345,1,efi_sno,1
Heart failure,4217069,1,efi_sno,1
Heart failure,4220132,1,efi_sno,1
Heart failure,4215511,1,efi_sno,1
Heart failure,4220752,1,efi_sno,1
Heart failure,44789251,1,efi_sno,1
Heart failure,44789327,1,efi_sno,1
Heart failure,46285082,1,efi_sno,1
Heart failure,45766843,1,efi_sno,1
Heart failure,44789102,1,efi_sno,1
Heart failure,44811037,1,efi_sno,1
Heart failure,44790972,1,efi_sno,1
Heart failure,44803777,1,efi_sno,1
Heart failure,44790927,1,efi_sno,1
Heart failure,44803916,1,efi_sno,1
Heart failure,44803917,1,efi_sno,1
Heart failure,4309550,1,efi_sno,1
Heart failure,4142561,1,efi_sno,1
Heart failure,42536932,1,efi_sno,1
Heart failure,40486933,1,efi_sno,1
Heart failure,45772694,1,efi_sno,1
Heart failure,44805460,1,efi_sno,1
Heart failure,4242669,1,efi_sno,1
Heart failure,40345199,1,efi_sno,1
Heart failure,439846,1,efi_sno,1
Heart failure,4173819,1,efi_sno,1
Heart valve disease,40399346,1,efi_sno,1
Heart valve disease,319845,1,efi_sno,1
Heart valve disease,4189343,1,efi_sno,1
Housebound,4052962,1,efi_sno,0
Housebound,4084987,1,efi_sno,0
Housebound,4259432,1,efi_sno,0
Housebound,44803411,1,efi_sno,0
Housebound,4083572,1,efi_sno,0
Housebound,4089185,1,efi_sno,0
Housebound,4083573,1,efi_sno,0
Housebound,4089187,1,efi_sno,0
Housebound,4083575,1,efi_sno,0
Housebound,4088708,1,efi_sno,0
Housebound,4024204,1,efi_sno,0
Housebound,37018404,1,efi_sno,0
Housebound,4117452,1,efi_sno,0
Housebound,4252227,1,efi_sno,0
Hypertension,4058286,1,efi_sno,1
Hypertension,4017170,1,efi_sno,1
Hypertension,4016922,1,efi_sno,1
Hypertension,4015732,1,efi_sno,1
Hypertension,4085017,1,efi_sno,1
Hypertension,4083426,1,efi_sno,1
Hypertension,376965,1,efi_sno,1
Hypertension,316866,1,efi_sno,1
Hypertension,317898,1,efi_sno,1
Hypertension,312648,1,efi_sno,1
Hypertension,4209293,1,efi_sno,1
Hypertension,40398412,1,efi_sno,1
Hypertension,319826,1,efi_sno,1
Hypertension,318437,1,efi_sno,1
Hypertension,314958,1,efi_sno,1
Hypertension,4110948,1,efi_sno,1
Hypertension,317895,1,efi_sno,1
Hypertension,4108213,1,efi_sno,1
Hypertension,44783643,1,efi_sno,1
Hypertension,4289933,1,efi_sno,1
Hypertension,4201850,1,efi_sno,1
Hypertension,4269035,1,efi_sno,1
Hypertension,4292205,1,efi_sno,1
Hypertension,44803796,1,efi_sno,1
Hypertension,44803791,1,efi_sno,1
Hypertension,44803870,1,efi_sno,1
Hypertension,42537122,1,efi_sno,1
Hypertension,40481459,1,efi_sno,1
Hypertension,320128,1,efi_sno,1
Hypertension,4167358,1,efi_sno,1
Hypertension,4197166,1,efi_sno,1
Hypertension,4194472,1,efi_sno,1
Hypotension / syncope,4162976,1,efi_sno,0
Hypotension / syncope,4037296,1,efi_sno,0
Hypotension / syncope,4144921,1,efi_sno,0
Hypotension / syncope,36713737,1,efi_sno,0
Hypotension / syncope,317002,1,efi_sno,0
Hypotension / syncope,319041,1,efi_sno,0
Hypotension / syncope,316447,1,efi_sno,0
Hypotension / syncope,4112334,1,efi_sno,0
Hypotension / syncope,4206148,1,efi_sno,0
Hypotension / syncope,135360,1,efi_sno,0
Hypotension / syncope,4160732,1,efi_sno,0
Hypotension / syncope,443240,1,efi_sno,0
Hypotension / syncope,4297376,1,efi_sno,0
Hypotension / syncope,4045723,1,efi_sno,0
Hypotension / syncope,4120275,1,efi_sno,0
Hypotension / syncope,4084007,1,efi_sno,0
Hypotension / syncope,4087470,1,efi_sno,0
Hypotension / syncope,4250121,1,efi_sno,0
Hypotension / syncope,43021964,1,efi_sno,0
Hypotension / syncope,4151718,1,efi_sno,0
Ischaemic heart disease,40332736,1,efi_sno,1
Ischaemic heart disease,4058722,1,efi_sno,1
Ischaemic heart disease,4058723,1,efi_sno,1
Ischaemic heart disease,4064346,1,efi_sno,1
Ischaemic heart disease,4017175,1,efi_sno,1
Ischaemic heart disease,4017176,1,efi_sno,1
Ischaemic heart disease,4015942,1,efi_sno,1
Ischaemic heart disease,40257704,1,efi_sno,1
Ischaemic heart disease,4006788,1,efi_sno,1
Ischaemic heart disease,40398434,1,efi_sno,1
Ischaemic heart disease,40398435,1,efi_sno,1
Ischaemic heart disease,438170,1,efi_sno,1
Ischaemic heart disease,312327,1,efi_sno,1
Ischaemic heart disease,4263712,1,efi_sno,1
Ischaemic heart disease,4185932,1,efi_sno,1
Ischaemic heart disease,321318,1,efi_sno,1
Ischaemic heart disease,40398869,1,efi_sno,1
Ischaemic heart disease,4185302,1,efi_sno,1
Ischaemic heart disease,315286,1,efi_sno,1
Ischaemic heart disease,435561,1,efi_sno,1
Ischaemic heart disease,438172,1,efi_sno,1
Ischaemic heart disease,4021482,1,efi_sno,1
Ischaemic heart disease,4336464,1,efi_sno,1
Ischaemic heart disease,4283892,1,efi_sno,1
Ischaemic heart disease,4124682,1,efi_sno,1
Ischaemic heart disease,4119942,1,efi_sno,1
Ischaemic heart disease,315296,1,efi_sno,1
Ischaemic heart disease,4127089,1,efi_sno,1
Ischaemic heart disease,4119952,1,efi_sno,1
Ischaemic heart disease,4119953,1,efi_sno,1
Ischaemic heart disease,4329847,1,efi_sno,1
Ischaemic heart disease,4244247,1,efi_sno,1
Ischaemic heart disease,4133636,1,efi_sno,1
Ischaemic heart disease,4116486,1,efi_sno,1
Ischaemic heart disease,4201630,1,efi_sno,1
Ischaemic heart disease,4197719,1,efi_sno,1
Ischaemic heart disease,4152383,1,efi_sno,1
Ischaemic heart disease,4191705,1,efi_sno,1
Ischaemic heart disease,4270024,1,efi_sno,1
Ischaemic heart disease,44796208,1,efi_sno,1
Ischaemic heart disease,44783188,1,efi_sno,1
Ischaemic heart disease,40345176,1,efi_sno,1
Ischaemic heart disease,314666,1,efi_sno,1
Ischaemic heart disease,40481919,1,efi_sno,1
Ischaemic heart disease,4186397,1,efi_sno,1
Ischaemic heart disease,4124683,1,efi_sno,1
Memory and cognitive problems,4059191,1,efi_sno,1
Memory and cognitive problems,4304008,1,efi_sno,1
Memory and cognitive problems,4164633,1,efi_sno,1
Memory and cognitive problems,4012951,1,efi_sno,1
Memory and cognitive problems,4012952,1,efi_sno,1
Memory and cognitive problems,4012953,1,efi_sno,1
Memory and cognitive problems,4012652,1,efi_sno,1
Memory and cognitive problems,4012654,1,efi_sno,1
Memory and cognitive problems,4012957,1,efi_sno,1
Memory and cognitive problems,4012960,1,efi_sno,1
Memory and cognitive problems,4012961,1,efi_sno,1
Memory and cognitive problems,4012964,1,efi_sno,1
Memory and cognitive problems,4012806,1,efi_sno,1
Memory and cognitive problems,375791,1,efi_sno,1
Memory and cognitive problems,378125,1,efi_sno,1
Memory and cognitive problems,376085,1,efi_sno,1
Memory and cognitive problems,381832,1,efi_sno,1
Memory and cognitive problems,4098163,1,efi_sno,1
Memory and cognitive problems,377527,1,efi_sno,1
Memory and cognitive problems,4101137,1,efi_sno,1
Memory and cognitive problems,4100250,1,efi_sno,1
Memory and cognitive problems,379784,1,efi_sno,1
Memory and cognitive problems,376946,1,efi_sno,1
Memory and cognitive problems,379778,1,efi_sno,1
Memory and cognitive problems,439276,1,efi_sno,1
Memory and cognitive problems,376094,1,efi_sno,1
Memory and cognitive problems,4100252,1,efi_sno,1
Memory and cognitive problems,374326,1,efi_sno,1
Memory and cognitive problems,378726,1,efi_sno,1
Memory and cognitive problems,374888,1,efi_sno,1
Memory and cognitive problems,4099961,1,efi_sno,1
Memory and cognitive problems,4103572,1,efi_sno,1
Memory and cognitive problems,378419,1,efi_sno,1
Memory and cognitive problems,443605,1,efi_sno,1
Memory and cognitive problems,44782710,1,efi_sno,1
Memory and cognitive problems,4180284,1,efi_sno,1
Memory and cognitive problems,40483103,1,efi_sno,1
Memory and cognitive problems,4314734,1,efi_sno,1
Memory and cognitive problems,4182210,1,efi_sno,1
Memory and cognitive problems,373995,1,efi_sno,1
Memory and cognitive problems,4234089,1,efi_sno,1
Memory and cognitive problems,4198081,1,efi_sno,1
Memory and cognitive problems,4075232,1,efi_sno,1
Memory and cognitive problems,4074319,1,efi_sno,1
Memory and cognitive problems,4076654,1,efi_sno,1
Memory and cognitive problems,4044415,1,efi_sno,1
Memory and cognitive problems,4041685,1,efi_sno,1
Memory and cognitive problems,4218017,1,efi_sno,1
Memory and cognitive problems,4220313,1,efi_sno,1
Memory and cognitive problems,4043378,1,efi_sno,1
Memory and cognitive problems,380701,1,efi_sno,1
Memory and cognitive problems,4228133,1,efi_sno,1
Memory and cognitive problems,4046089,1,efi_sno,1
Memory and cognitive problems,4047747,1,efi_sno,1
Memory and cognitive problems,4046090,1,efi_sno,1
Memory and cognitive problems,4046091,1,efi_sno,1
Memory and cognitive problems,4047748,1,efi_sno,1
Memory and cognitive problems,4048875,1,efi_sno,1
Memory and cognitive problems,4297400,1,efi_sno,1
Memory and cognitive problems,4333671,1,efi_sno,1
Memory and cognitive problems,4085496,1,efi_sno,1
Memory and cognitive problems,4264146,1,efi_sno,1
Memory and cognitive problems,4171718,1,efi_sno,1
Memory and cognitive problems,4084412,1,efi_sno,1
Memory and cognitive problems,441002,1,efi_sno,1
Memory and cognitive problems,4092747,1,efi_sno,1
Memory and cognitive problems,4152488,1,efi_sno,1
Memory and cognitive problems,381273,1,efi_sno,1
Memory and cognitive problems,4196433,1,efi_sno,1
Memory and cognitive problems,4250116,1,efi_sno,1
Memory and cognitive problems,44812024,1,efi_sno,1
Memory and cognitive problems,4187353,1,efi_sno,1
Memory and cognitive problems,4166262,1,efi_sno,1
Memory and cognitive problems,44803648,1,efi_sno,1
Memory and cognitive problems,44803717,1,efi_sno,1
Memory and cognitive problems,44803697,1,efi_sno,1
Memory and cognitive problems,44803388,1,efi_sno,1
Memory and cognitive problems,44791022,1,efi_sno,1
Memory and cognitive problems,44803915,1,efi_sno,1
Memory and cognitive problems,44803781,1,efi_sno,1
Memory and cognitive problems,44803706,1,efi_sno,1
Memory and cognitive problems,44803843,1,efi_sno,1
Memory and cognitive problems,44790944,1,efi_sno,1
Memory and cognitive problems,4202272,1,efi_sno,1
Memory and cognitive problems,44793561,1,efi_sno,1
Memory and cognitive problems,4248542,1,efi_sno,1
Mobility and transfer problems,4052468,1,efi_sno,0
Mobility and transfer problems,4052045,1,efi_sno,0
Mobility and transfer problems,4052477,1,efi_sno,0
Mobility and transfer problems,4052047,1,efi_sno,0
Mobility and transfer problems,4053076,1,efi_sno,0
Mobility and transfer problems,4012645,1,efi_sno,0
Mobility and transfer problems,4079780,1,efi_sno,0
Mobility and transfer problems,439405,1,efi_sno,0
Mobility and transfer problems,4310235,1,efi_sno,0
Mobility and transfer problems,4036230,1,efi_sno,0
Mobility and transfer problems,4087225,1,efi_sno,0
Mobility and transfer problems,4086548,1,efi_sno,0
Mobility and transfer problems,4107044,1,efi_sno,0
Mobility and transfer problems,4151347,1,efi_sno,0
Mobility and transfer problems,4105539,1,efi_sno,0
Mobility and transfer problems,4105540,1,efi_sno,0
Mobility and transfer problems,4105542,1,efi_sno,0
Mobility and transfer problems,4116109,1,efi_sno,0
Mobility and transfer problems,4200355,1,efi_sno,0
Mobility and transfer problems,4199722,1,efi_sno,0
Mobility and transfer problems,4199731,1,efi_sno,0
Mobility and transfer problems,4199248,1,efi_sno,0
Mobility and transfer problems,4200497,1,efi_sno,0
Mobility and transfer problems,4200377,1,efi_sno,0
Mobility and transfer problems,4200379,1,efi_sno,0
Mobility and transfer problems,4200495,1,efi_sno,0
Mobility and transfer problems,4200194,1,efi_sno,0
Mobility and transfer problems,37018404,1,efi_sno,0
Mobility and transfer problems,4136754,1,efi_sno,0
Mobility and transfer problems,4199727,1,efi_sno,0
Osteoporosis,80502,1,efi_sno,1
Osteoporosis,80824,1,efi_sno,1
Osteoporosis,4010333,1,efi_sno,1
Osteoporosis,4004622,1,efi_sno,1
Osteoporosis,77365,1,efi_sno,1
Osteoporosis,4033089,1,efi_sno,1
Osteoporosis,4002133,1,efi_sno,1
Osteoporosis,4003479,1,efi_sno,1
Osteoporosis,4004623,1,efi_sno,1
Osteoporosis,4002134,1,efi_sno,1
Osteoporosis,4003481,1,efi_sno,1
Osteoporosis,4003482,1,efi_sno,1
Osteoporosis,4067765,1,efi_sno,1
Osteoporosis,4069306,1,efi_sno,1
Osteoporosis,4069524,1,efi_sno,1
Osteoporosis,4068133,1,efi_sno,1
Osteoporosis,4067768,1,efi_sno,1
Osteoporosis,40480160,1,efi_sno,1
Osteoporosis,4347298,1,efi_sno,1
Osteoporosis,4344377,1,efi_sno,1
Osteoporosis,4345585,1,efi_sno,1
Osteoporosis,4344378,1,efi_sno,1
Osteoporosis,4173335,1,efi_sno,1
Osteoporosis,4105090,1,efi_sno,1
Osteoporosis,4149785,1,efi_sno,1
Osteoporosis,4147566,1,efi_sno,1
Osteoporosis,4347301,1,efi_sno,1
Osteoporosis,4195039,1,efi_sno,1
Osteoporosis,4305731,1,efi_sno,1
Osteoporosis,4310033,1,efi_sno,1
Osteoporosis,4192168,1,efi_sno,1
Osteoporosis,4193133,1,efi_sno,1
Osteoporosis,4310034,1,efi_sno,1
Osteoporosis,4310035,1,efi_sno,1
Osteoporosis,4307165,1,efi_sno,1
Osteoporosis,4310036,1,efi_sno,1
Osteoporosis,4192170,1,efi_sno,1
Osteoporosis,4310037,1,efi_sno,1
Osteoporosis,4192171,1,efi_sno,1
Osteoporosis,4310027,1,efi_sno,1
Osteoporosis,4307163,1,efi_sno,1
Osteoporosis,4192173,1,efi_sno,1
Osteoporosis,4310038,1,efi_sno,1
Osteoporosis,4193139,1,efi_sno,1
Osteoporosis,4192182,1,efi_sno,1
Osteoporosis,4133510,1,efi_sno,1
Osteoporosis,43021371,1,efi_sno,1
Osteoporosis,44813192,1,efi_sno,1
Osteoporosis,44805520,1,efi_sno,1
Osteoporosis,44805521,1,efi_sno,1
Osteoporosis,4193149,1,efi_sno,1
Parkinsonism and tremor,4063335,1,efi_sno,1
Parkinsonism and tremor,4063339,1,efi_sno,1
Parkinsonism and tremor,4146869,1,efi_sno,1
Parkinsonism and tremor,373139,1,efi_sno,1
Parkinsonism and tremor,381270,1,efi_sno,1
Parkinsonism and tremor,4171569,1,efi_sno,1
Parkinsonism and tremor,4041681,1,efi_sno,1
Parkinsonism and tremor,36713737,1,efi_sno,1
Parkinsonism and tremor,374013,1,efi_sno,1
Parkinsonism and tremor,443782,1,efi_sno,1
Parkinsonism and tremor,443602,1,efi_sno,1
Parkinsonism and tremor,380701,1,efi_sno,1
Parkinsonism and tremor,4046093,1,efi_sno,1
Parkinsonism and tremor,4140090,1,efi_sno,1
Parkinsonism and tremor,4087333,1,efi_sno,1
Parkinsonism and tremor,4086836,1,efi_sno,1
Parkinsonism and tremor,4095182,1,efi_sno,1
Parkinsonism and tremor,4154447,1,efi_sno,1
Parkinsonism and tremor,4126631,1,efi_sno,1
Parkinsonism and tremor,4204820,1,efi_sno,1
Parkinsonism and tremor,44792293,1,efi_sno,1
Parkinsonism and tremor,44802648,1,efi_sno,1
Parkinsonism and tremor,44802649,1,efi_sno,1
Parkinsonism and tremor,4155897,1,efi_sno,1
Peptic ulcer,40333211,1,efi_sno,0
Peptic ulcer,4012219,1,efi_sno,0
Peptic ulcer,4070478,1,efi_sno,0
Peptic ulcer,4069351,1,efi_sno,0
Peptic ulcer,4068164,1,efi_sno,0
Peptic ulcer,4066636,1,efi_sno,0
Peptic ulcer,4139403,1,efi_sno,0
Peptic ulcer,4076267,1,efi_sno,0
Peptic ulcer,40398541,1,efi_sno,0
Peptic ulcer,4319441,1,efi_sno,0
Peptic ulcer,4231580,1,efi_sno,0
Peptic ulcer,4057953,1,efi_sno,0
Peptic ulcer,4169592,1,efi_sno,0
Peptic ulcer,4025501,1,efi_sno,0
Peptic ulcer,4318534,1,efi_sno,0
Peptic ulcer,4211001,1,efi_sno,0
Peptic ulcer,4150681,1,efi_sno,0
Peptic ulcer,4055895,1,efi_sno,0
Peptic ulcer,4265600,1,efi_sno,0
Peptic ulcer,4049466,1,efi_sno,0
Peptic ulcer,4321586,1,efi_sno,0
Peptic ulcer,40398566,1,efi_sno,0
Peptic ulcer,4198381,1,efi_sno,0
Peptic ulcer,4057053,1,efi_sno,0
Peptic ulcer,4027729,1,efi_sno,0
Peptic ulcer,4265479,1,efi_sno,0
Peptic ulcer,4336230,1,efi_sno,0
Peptic ulcer,4028242,1,efi_sno,0
Peptic ulcer,4232181,1,efi_sno,0
Peptic ulcer,4173408,1,efi_sno,0
Peptic ulcer,4289830,1,efi_sno,0
Peptic ulcer,436453,1,efi_sno,0
Peptic ulcer,4024842,1,efi_sno,0
Peptic ulcer,4099014,1,efi_sno,0
Peptic ulcer,4229614,1,efi_sno,0
Peptic ulcer,44808500,1,efi_sno,0
Peptic ulcer,4027663,1,efi_sno,0
Peptic ulcer,4057060,1,efi_sno,0
Peptic ulcer,4046500,1,efi_sno,0
Peptic ulcer,4194543,1,efi_sno,0
Peptic ulcer,4006994,1,efi_sno,0
Peptic ulcer,4134146,1,efi_sno,0
Peptic ulcer,4174044,1,efi_sno,0
Peptic ulcer,4146517,1,efi_sno,0
Peptic ulcer,40398998,1,efi_sno,0
Peptic ulcer,4274491,1,efi_sno,0
Peptic ulcer,433515,1,efi_sno,0
Peptic ulcer,4059178,1,efi_sno,0
Peptic ulcer,4057076,1,efi_sno,0
Peptic ulcer,4026029,1,efi_sno,0
Peptic ulcer,4123263,1,efi_sno,0
Peptic ulcer,4147763,1,efi_sno,0
Peptic ulcer,4340672,1,efi_sno,0
Peptic ulcer,4341233,1,efi_sno,0
Peptic ulcer,4188456,1,efi_sno,0
Peptic ulcer,4342641,1,efi_sno,0
Peptic ulcer,4340785,1,efi_sno,0
Peptic ulcer,4342651,1,efi_sno,0
Peptic ulcer,4134567,1,efi_sno,0
Peptic ulcer,4080599,1,efi_sno,0
Peptic ulcer,4124302,1,efi_sno,0
Peptic ulcer,4121241,1,efi_sno,0
Peptic ulcer,4331322,1,efi_sno,0
Peptic ulcer,4189591,1,efi_sno,0
Peptic ulcer,4144797,1,efi_sno,0
Peptic ulcer,4146477,1,efi_sno,0
Peptic ulcer,4144180,1,efi_sno,0
Peptic ulcer,4144181,1,efi_sno,0
Peptic ulcer,4205670,1,efi_sno,0
Peptic ulcer,4206417,1,efi_sno,0
Peptic ulcer,4271696,1,efi_sno,0
Peptic ulcer,44795995,1,efi_sno,0
Peptic ulcer,4197598,1,efi_sno,0
Peptic ulcer,4151589,1,efi_sno,0
Peptic ulcer,4152547,1,efi_sno,0
Peptic ulcer,44789799,1,efi_sno,0
Peptic ulcer,4310838,1,efi_sno,0
Peptic ulcer,4174560,1,efi_sno,0
Peptic ulcer,44791257,1,efi_sno,0
Peptic ulcer,36716253,1,efi_sno,0
Peptic ulcer,40346371,1,efi_sno,0
Peptic ulcer,4144292,1,efi_sno,0
Peptic ulcer,4338225,1,efi_sno,0
Peptic ulcer,4077224,1,efi_sno,0
Peptic ulcer,4077225,1,efi_sno,0
Peripheral vascular disease,4061118,1,efi_sno,1
Peripheral vascular disease,4061122,1,efi_sno,1
Peripheral vascular disease,40386745,1,efi_sno,1
Peripheral vascular disease,4096668,1,efi_sno,1
Peripheral vascular disease,316437,1,efi_sno,1
Peripheral vascular disease,40393176,1,efi_sno,1
Peripheral vascular disease,321052,1,efi_sno,1
Peripheral vascular disease,4063569,1,efi_sno,1
Peripheral vascular disease,4124834,1,efi_sno,1
Peripheral vascular disease,4124835,1,efi_sno,1
Peripheral vascular disease,4124836,1,efi_sno,1
Peripheral vascular disease,4124837,1,efi_sno,1
Peripheral vascular disease,4124838,1,efi_sno,1
Peripheral vascular disease,4119612,1,efi_sno,1
Peripheral vascular disease,4124839,1,efi_sno,1
Peripheral vascular disease,4116977,1,efi_sno,1
Peripheral vascular disease,4145415,1,efi_sno,1
Peripheral vascular disease,4208071,1,efi_sno,1
Peripheral vascular disease,4200875,1,efi_sno,1
Peripheral vascular disease,4253309,1,efi_sno,1
Peripheral vascular disease,43021360,1,efi_sno,1
Peripheral vascular disease,321822,1,efi_sno,1
Peripheral vascular disease,4226354,1,efi_sno,1
Peripheral vascular disease,4295155,1,efi_sno,1
Polypharmacy,4080986,1,efi_sno,0
Polypharmacy,4235250,1,efi_sno,0
Requirement for care,4053091,1,efi_sno,0
Requirement for care,4052486,1,efi_sno,0
Requirement for care,4154617,1,efi_sno,0
Requirement for care,4059500,1,efi_sno,0
Requirement for care,4052331,1,efi_sno,0
Requirement for care,4080054,1,efi_sno,0
Requirement for care,4081589,1,efi_sno,0
Requirement for care,4088536,1,efi_sno,0
Requirement for care,4073474,1,efi_sno,0
Requirement for care,44791364,1,efi_sno,0
Requirement for care,44791557,1,efi_sno,0
Respiratory disease,4059320,1,efi_sno,1
Respiratory disease,4059321,1,efi_sno,1
Respiratory disease,4195384,1,efi_sno,1
Respiratory disease,443801,1,efi_sno,1
Respiratory disease,4064741,1,efi_sno,1
Respiratory disease,45769660,1,efi_sno,1
Respiratory disease,4015951,1,efi_sno,1
Respiratory disease,4017293,1,efi_sno,1
Respiratory disease,4015818,1,efi_sno,1
Respiratory disease,4017025,1,efi_sno,1
Respiratory disease,4015947,1,efi_sno,1
Respiratory disease,4015819,1,efi_sno,1
Respiratory disease,4017182,1,efi_sno,1
Respiratory disease,4017183,1,efi_sno,1
Respiratory disease,4017184,1,efi_sno,1
Respiratory disease,4015948,1,efi_sno,1
Respiratory disease,4017026,1,efi_sno,1
Respiratory disease,4235703,1,efi_sno,1
Respiratory disease,4017188,1,efi_sno,1
Respiratory disease,4155470,1,efi_sno,1
Respiratory disease,4155468,1,efi_sno,1
Respiratory disease,4155469,1,efi_sno,1
Respiratory disease,4152913,1,efi_sno,1
Respiratory disease,4017189,1,efi_sno,1
Respiratory disease,4293727,1,efi_sno,1
Respiratory disease,4206920,1,efi_sno,1
Respiratory disease,4080962,1,efi_sno,1
Respiratory disease,4080963,1,efi_sno,1
Respiratory disease,4080964,1,efi_sno,1
Respiratory disease,4082252,1,efi_sno,1
Respiratory disease,4057273,1,efi_sno,1
Respiratory disease,4082254,1,efi_sno,1
Respiratory disease,4084667,1,efi_sno,1
Respiratory disease,4083422,1,efi_sno,1
Respiratory disease,4085315,1,efi_sno,1
Respiratory disease,4088882,1,efi_sno,1
Respiratory disease,4088883,1,efi_sno,1
Respiratory disease,4090836,1,efi_sno,1
Respiratory disease,40398914,1,efi_sno,1
Respiratory disease,4013643,1,efi_sno,1
Respiratory disease,4339214,1,efi_sno,1
Respiratory disease,320136,1,efi_sno,1
Respiratory disease,255573,1,efi_sno,1
Respiratory disease,255841,1,efi_sno,1
Respiratory disease,261889,1,efi_sno,1
Respiratory disease,257905,1,efi_sno,1
Respiratory disease,256448,1,efi_sno,1
Respiratory disease,257004,1,efi_sno,1
Respiratory disease,258780,1,efi_sno,1
Respiratory disease,261325,1,efi_sno,1
Respiratory disease,317009,1,efi_sno,1
Respiratory disease,40395874,1,efi_sno,1
Respiratory disease,4123253,1,efi_sno,1
Respiratory disease,45769441,1,efi_sno,1
Respiratory disease,312950,1,efi_sno,1
Respiratory disease,252658,1,efi_sno,1
Respiratory disease,45773005,1,efi_sno,1
Respiratory disease,4145497,1,efi_sno,1
Respiratory disease,4110051,1,efi_sno,1
Respiratory disease,45769438,1,efi_sno,1
Respiratory disease,45771045,1,efi_sno,1
Respiratory disease,40395891,1,efi_sno,1
Respiratory disease,4110056,1,efi_sno,1
Respiratory disease,256197,1,efi_sno,1
Respiratory disease,4095965,1,efi_sno,1
Respiratory disease,440912,1,efi_sno,1
Respiratory disease,4075237,1,efi_sno,1
Respiratory disease,4044580,1,efi_sno,1
Respiratory disease,4119298,1,efi_sno,1
Respiratory disease,4191479,1,efi_sno,1
Respiratory disease,4309833,1,efi_sno,1
Respiratory disease,4244339,1,efi_sno,1
Respiratory disease,46269801,1,efi_sno,1
Respiratory disease,36714118,1,efi_sno,1
Respiratory disease,4120091,1,efi_sno,1
Respiratory disease,4119607,1,efi_sno,1
Respiratory disease,4322024,1,efi_sno,1
Respiratory disease,4121619,1,efi_sno,1
Respiratory disease,4120094,1,efi_sno,1
Respiratory disease,4120095,1,efi_sno,1
Respiratory disease,4121622,1,efi_sno,1
Respiratory disease,4235804,1,efi_sno,1
Respiratory disease,4028118,1,efi_sno,1
Respiratory disease,4072513,1,efi_sno,1
Respiratory disease,4081039,1,efi_sno,1
Respiratory disease,4233784,1,efi_sno,1
Respiratory disease,257581,1,efi_sno,1
Respiratory disease,4199706,1,efi_sno,1
Respiratory disease,4125022,1,efi_sno,1
Respiratory disease,46272979,1,efi_sno,1
Respiratory disease,4059907,1,efi_sno,1
Respiratory disease,4194289,1,efi_sno,1
Respiratory disease,4207479,1,efi_sno,1
Respiratory disease,4193560,1,efi_sno,1
Respiratory disease,4196712,1,efi_sno,1
Respiratory disease,4193588,1,efi_sno,1
Respiratory disease,4209097,1,efi_sno,1
Respiratory disease,4151447,1,efi_sno,1
Respiratory disease,4201616,1,efi_sno,1
Respiratory disease,4214588,1,efi_sno,1
Respiratory disease,4214589,1,efi_sno,1
Respiratory disease,4215256,1,efi_sno,1
Respiratory disease,4215257,1,efi_sno,1
Respiratory disease,44791025,1,efi_sno,1
Respiratory disease,4214676,1,efi_sno,1
Respiratory disease,45769673,1,efi_sno,1
Respiratory disease,4155473,1,efi_sno,1
Respiratory disease,4152420,1,efi_sno,1
Respiratory disease,4161595,1,efi_sno,1
Respiratory disease,4152418,1,efi_sno,1
Respiratory disease,4156136,1,efi_sno,1
Respiratory disease,4155464,1,efi_sno,1
Respiratory disease,4152911,1,efi_sno,1
Respiratory disease,4152417,1,efi_sno,1
Respiratory disease,4155465,1,efi_sno,1
Respiratory disease,40545672,1,efi_sno,1
Respiratory disease,4152292,1,efi_sno,1
Respiratory disease,4191827,1,efi_sno,1
Respiratory disease,4308356,1,efi_sno,1
Respiratory disease,4305736,1,efi_sno,1
Respiratory disease,4190879,1,efi_sno,1
Respiratory disease,4308378,1,efi_sno,1
Respiratory disease,4190882,1,efi_sno,1
Respiratory disease,4193023,1,efi_sno,1
Respiratory disease,4307038,1,efi_sno,1
Respiratory disease,4293732,1,efi_sno,1
Respiratory disease,4293733,1,efi_sno,1
Respiratory disease,4269178,1,efi_sno,1
Respiratory disease,4295034,1,efi_sno,1
Respiratory disease,4293734,1,efi_sno,1
Respiratory disease,4310173,1,efi_sno,1
Respiratory disease,4268284,1,efi_sno,1
Respiratory disease,44809985,1,efi_sno,1
Respiratory disease,44803712,1,efi_sno,1
Respiratory disease,44813771,1,efi_sno,1
Respiratory disease,44803764,1,efi_sno,1
Respiratory disease,44788053,1,efi_sno,1
Respiratory disease,4250128,1,efi_sno,1
Respiratory disease,4235401,1,efi_sno,1
Respiratory disease,44803711,1,efi_sno,1
Respiratory disease,4213782,1,efi_sno,1
Respiratory disease,44788435,1,efi_sno,1
Respiratory disease,42536973,1,efi_sno,1
Respiratory disease,42539611,1,efi_sno,1
Respiratory disease,4211648,1,efi_sno,1
Respiratory disease,4189168,1,efi_sno,1
Respiratory disease,44788723,1,efi_sno,1
Respiratory disease,44788724,1,efi_sno,1
Respiratory disease,44788819,1,efi_sno,1
Respiratory disease,44788779,1,efi_sno,1
Respiratory disease,44788780,1,efi_sno,1
Respiratory disease,44788781,1,efi_sno,1
Respiratory disease,44788789,1,efi_sno,1
Respiratory disease,44788824,1,efi_sno,1
Respiratory disease,44788825,1,efi_sno,1
Respiratory disease,44788836,1,efi_sno,1
Respiratory disease,44788930,1,efi_sno,1
Respiratory disease,42539771,1,efi_sno,1
Respiratory disease,44791725,1,efi_sno,1
Respiratory disease,44795853,1,efi_sno,1
Respiratory disease,44792262,1,efi_sno,1
Respiratory disease,44792263,1,efi_sno,1
Respiratory disease,44792264,1,efi_sno,1
Respiratory disease,44799960,1,efi_sno,1
Respiratory disease,44792265,1,efi_sno,1
Respiratory disease,4236271,1,efi_sno,1
Respiratory disease,44793048,1,efi_sno,1
Respiratory disease,44793074,1,efi_sno,1
Respiratory disease,44793424,1,efi_sno,1
Respiratory disease,40481511,1,efi_sno,1
Respiratory disease,40483854,1,efi_sno,1
Respiratory disease,44784373,1,efi_sno,1
Respiratory disease,44783144,1,efi_sno,1
Respiratory disease,45766868,1,efi_sno,1
Respiratory disease,45766866,1,efi_sno,1
Respiratory disease,44802475,1,efi_sno,1
Respiratory disease,44802476,1,efi_sno,1
Respiratory disease,44802477,1,efi_sno,1
Respiratory disease,44802478,1,efi_sno,1
Respiratory disease,44803979,1,efi_sno,1
Respiratory disease,44805524,1,efi_sno,1
Respiratory disease,44805526,1,efi_sno,1
Respiratory disease,44804958,1,efi_sno,1
Respiratory disease,44804959,1,efi_sno,1
Respiratory disease,44805087,1,efi_sno,1
Respiratory disease,44805089,1,efi_sno,1
Respiratory disease,44805091,1,efi_sno,1
Respiratory disease,44805092,1,efi_sno,1
Respiratory disease,44805093,1,efi_sno,1
Respiratory disease,440417,1,efi_sno,1
Respiratory disease,40345181,1,efi_sno,1
Respiratory disease,40345182,1,efi_sno,1
Respiratory disease,4309350,1,efi_sno,1
Respiratory disease,4271333,1,efi_sno,1
Respiratory disease,35609846,1,efi_sno,1
Respiratory disease,35609847,1,efi_sno,1
Respiratory disease,42536207,1,efi_sno,1
Respiratory disease,40345756,1,efi_sno,1
Respiratory disease,40345758,1,efi_sno,1
Respiratory disease,40345759,1,efi_sno,1
Respiratory disease,40345760,1,efi_sno,1
Respiratory disease,4148757,1,efi_sno,1
Respiratory disease,4151705,1,efi_sno,1
Respiratory disease,4077802,1,efi_sno,1
Respiratory disease,4077072,1,efi_sno,1
Respiratory disease,4035793,1,efi_sno,1
Respiratory disease,36716970,1,efi_sno,1
Skin ulcer,4060066,1,efi_sno,0
Skin ulcer,4038904,1,efi_sno,0
Skin ulcer,4262920,1,efi_sno,0
Skin ulcer,4065008,1,efi_sno,0
Skin ulcer,4056272,1,efi_sno,0
Skin ulcer,4118089,1,efi_sno,0
Skin ulcer,4080500,1,efi_sno,0
Skin ulcer,4099651,1,efi_sno,0
Skin ulcer,4109880,1,efi_sno,0
Skin ulcer,4110346,1,efi_sno,0
Skin ulcer,4110347,1,efi_sno,0
Skin ulcer,134441,1,efi_sno,0
Skin ulcer,40397397,1,efi_sno,0
Skin ulcer,40397398,1,efi_sno,0
Skin ulcer,4063569,1,efi_sno,0
Skin ulcer,4065354,1,efi_sno,0
Skin ulcer,4066936,1,efi_sno,0
Skin ulcer,4321837,1,efi_sno,0
Skin ulcer,4076776,1,efi_sno,0
Skin ulcer,4021481,1,efi_sno,0
Skin ulcer,135893,1,efi_sno,0
Skin ulcer,4025938,1,efi_sno,0
Skin ulcer,200485,1,efi_sno,0
Skin ulcer,4024619,1,efi_sno,0
Skin ulcer,74719,1,efi_sno,0
Skin ulcer,197304,1,efi_sno,0
Skin ulcer,4298844,1,efi_sno,0
Skin ulcer,4032889,1,efi_sno,0
Skin ulcer,4032890,1,efi_sno,0
Skin ulcer,4033352,1,efi_sno,0
Skin ulcer,4148076,1,efi_sno,0
Skin ulcer,4244554,1,efi_sno,0
Skin ulcer,4033354,1,efi_sno,0
Skin ulcer,4095409,1,efi_sno,0
Skin ulcer,4299972,1,efi_sno,0
Skin ulcer,4083304,1,efi_sno,0
Skin ulcer,4119510,1,efi_sno,0
Skin ulcer,4121589,1,efi_sno,0
Skin ulcer,4117109,1,efi_sno,0
Skin ulcer,4116485,1,efi_sno,0
Skin ulcer,44782447,1,efi_sno,0
Skin ulcer,44782446,1,efi_sno,0
Skin ulcer,44783164,1,efi_sno,0
Skin ulcer,44783162,1,efi_sno,0
Skin ulcer,4103165,1,efi_sno,0
Skin ulcer,443358,1,efi_sno,0
Skin ulcer,4103166,1,efi_sno,0
Skin ulcer,4204817,1,efi_sno,0
Skin ulcer,4205677,1,efi_sno,0
Skin ulcer,4204042,1,efi_sno,0
Skin ulcer,4145541,1,efi_sno,0
Skin ulcer,4145540,1,efi_sno,0
Skin ulcer,4204020,1,efi_sno,0
Skin ulcer,4194734,1,efi_sno,0
Skin ulcer,4209852,1,efi_sno,0
Skin ulcer,4209979,1,efi_sno,0
Skin ulcer,4209980,1,efi_sno,0
Skin ulcer,4194872,1,efi_sno,0
Skin ulcer,4193038,1,efi_sno,0
Skin ulcer,4190440,1,efi_sno,0
Skin ulcer,4190441,1,efi_sno,0
Skin ulcer,4192678,1,efi_sno,0
Skin ulcer,4269173,1,efi_sno,0
Skin ulcer,4131517,1,efi_sno,0
Skin ulcer,4212440,1,efi_sno,0
Skin ulcer,4215960,1,efi_sno,0
Skin ulcer,44789313,1,efi_sno,0
Skin ulcer,44791520,1,efi_sno,0
Skin ulcer,44791059,1,efi_sno,0
Skin ulcer,44791375,1,efi_sno,0
Skin ulcer,44791271,1,efi_sno,0
Skin ulcer,44808835,1,efi_sno,0
Skin ulcer,44793454,1,efi_sno,0
Skin ulcer,44793455,1,efi_sno,0
Skin ulcer,44793456,1,efi_sno,0
Skin ulcer,44812659,1,efi_sno,0
Skin ulcer,40483790,1,efi_sno,0
Skin ulcer,44801793,1,efi_sno,0
Skin ulcer,44804358,1,efi_sno,0
Skin ulcer,40486977,1,efi_sno,0
Skin ulcer,40486978,1,efi_sno,0
Skin ulcer,40486976,1,efi_sno,0
Skin ulcer,44804659,1,efi_sno,0
Skin ulcer,40486126,1,efi_sno,0
Skin ulcer,44805035,1,efi_sno,0
Skin ulcer,44804551,1,efi_sno,0
Skin ulcer,44804686,1,efi_sno,0
Skin ulcer,4137491,1,efi_sno,0
Skin ulcer,135333,1,efi_sno,0
Skin ulcer,4148915,1,efi_sno,0
Skin ulcer,40354619,1,efi_sno,0
Sleep disturbance,40326373,1,efi_sno,1
Sleep disturbance,40386047,1,efi_sno,1
Sleep disturbance,435657,1,efi_sno,1
Sleep disturbance,436962,1,efi_sno,1
Sleep disturbance,4200883,1,efi_sno,1
Sleep disturbance,40357654,1,efi_sno,1
Sleep disturbance,374905,1,efi_sno,1
Sleep disturbance,4156060,1,efi_sno,1
Social vulnerability,4143188,1,efi_sno,0
Social vulnerability,4053087,1,efi_sno,0
Social vulnerability,4059498,1,efi_sno,0
Social vulnerability,42538166,1,efi_sno,0
Social vulnerability,4052789,1,efi_sno,0
Social vulnerability,4082090,1,efi_sno,0
Social vulnerability,4140172,1,efi_sno,0
Social vulnerability,4204655,1,efi_sno,0
Social vulnerability,36716273,1,efi_sno,0
Social vulnerability,4212892,1,efi_sno,0
Social vulnerability,4221049,1,efi_sno,0
Social vulnerability,44788883,1,efi_sno,0
Social vulnerability,44791570,1,efi_sno,0
Social vulnerability,4022661,1,efi_sno,0
Social vulnerability,4023168,1,efi_sno,0
Social vulnerability,4171619,1,efi_sno,0
Thyroid disease,4058707,1,efi_sno,1
Thyroid disease,4058708,1,efi_sno,1
Thyroid disease,4036661,1,efi_sno,1
Thyroid disease,4017320,1,efi_sno,1
Thyroid disease,4030042,1,efi_sno,1
Thyroid disease,140673,1,efi_sno,1
Thyroid disease,40386300,1,efi_sno,1
Thyroid disease,132583,1,efi_sno,1
Thyroid disease,4099205,1,efi_sno,1
Thyroid disease,140062,1,efi_sno,1
Thyroid disease,134312,1,efi_sno,1
Thyroid disease,138384,1,efi_sno,1
Thyroid disease,4034814,1,efi_sno,1
Thyroid disease,4220368,1,efi_sno,1
Thyroid disease,4034815,1,efi_sno,1
Thyroid disease,4130018,1,efi_sno,1
Thyroid disease,4030047,1,efi_sno,1
Thyroid disease,4030048,1,efi_sno,1
Thyroid disease,4231548,1,efi_sno,1
Thyroid disease,37016342,1,efi_sno,1
Thyroid disease,4030049,1,efi_sno,1
Thyroid disease,4129369,1,efi_sno,1
Thyroid disease,4269217,1,efi_sno,1
Thyroid disease,4113642,1,efi_sno,1
Thyroid disease,4194160,1,efi_sno,1
Thyroid disease,44810060,1,efi_sno,1
Thyroid disease,4214419,1,efi_sno,1
Thyroid disease,42537123,1,efi_sno,1
Thyroid disease,44789586,1,efi_sno,1
Thyroid disease,44792300,1,efi_sno,1
Thyroid disease,141253,1,efi_sno,1
Thyroid disease,138387,1,efi_sno,1
Thyroid disease,137820,1,efi_sno,1
Thyroid disease,40350828,1,efi_sno,1
Thyroid disease,40350829,1,efi_sno,1
Thyroid disease,4278370,1,efi_sno,1
Thyroid disease,37394134,1,efi_sno,1
Thyroid disease,37399332,1,efi_sno,1
Thyroid disease,37394134,1,efi_sno,1
Thyroid disease,37399332,1,efi_sno,1
Urinary incontinence,4058561,1,efi_sno,0
Urinary incontinence,197672,1,efi_sno,0
Urinary incontinence,193871,1,efi_sno,0
Urinary incontinence,193326,1,efi_sno,0
Urinary incontinence,4012532,1,efi_sno,0
Urinary incontinence,40380578,1,efi_sno,0
Urinary incontinence,195007,1,efi_sno,0
Urinary incontinence,4302457,1,efi_sno,0
Urinary incontinence,4343103,1,efi_sno,0
Urinary incontinence,4343115,1,efi_sno,0
Urinary incontinence,4128391,1,efi_sno,0
Urinary incontinence,4032440,1,efi_sno,0
Urinary incontinence,197378,1,efi_sno,0
Urinary incontinence,4236912,1,efi_sno,0
Urinary incontinence,4153667,1,efi_sno,0
Urinary incontinence,4127703,1,efi_sno,0
Urinary incontinence,4126278,1,efi_sno,0
Urinary incontinence,4172646,1,efi_sno,0
Urinary incontinence,4032443,1,efi_sno,0
Urinary incontinence,4032444,1,efi_sno,0
Urinary incontinence,4090866,1,efi_sno,0
Urinary incontinence,197102,1,efi_sno,0
Urinary incontinence,4120055,1,efi_sno,0
Urinary incontinence,4121974,1,efi_sno,0
Urinary incontinence,4213788,1,efi_sno,0
Urinary incontinence,4242750,1,efi_sno,0
Urinary incontinence,4146385,1,efi_sno,0
Urinary incontinence,40347045,1,efi_sno,0
Urinary system disease,40333226,1,efi_sno,0
Urinary system disease,4143052,1,efi_sno,0
Urinary system disease,40326276,1,efi_sno,0
Urinary system disease,40304526,1,efi_sno,0
Urinary system disease,200843,1,efi_sno,0
Urinary system disease,197684,1,efi_sno,0
Urinary system disease,4016155,1,efi_sno,0
Urinary system disease,4234536,1,efi_sno,0
Urinary system disease,4080801,1,efi_sno,0
Urinary system disease,4080190,1,efi_sno,0
Urinary system disease,4171379,1,efi_sno,0
Urinary system disease,4056612,1,efi_sno,0
Urinary system disease,4246851,1,efi_sno,0
Urinary system disease,4056621,1,efi_sno,0
Urinary system disease,4060922,1,efi_sno,0
Urinary system disease,75004,1,efi_sno,0
Urinary system disease,192450,1,efi_sno,0
Urinary system disease,4128388,1,efi_sno,0
Urinary system disease,4127568,1,efi_sno,0
Urinary system disease,443350,1,efi_sno,0
Urinary system disease,198803,1,efi_sno,0
Urinary system disease,4170453,1,efi_sno,0
Visual impairment,4059197,1,efi_sno,0
Visual impairment,4023310,1,efi_sno,0
Visual impairment,4060606,1,efi_sno,0
Visual impairment,4016895,1,efi_sno,0
Visual impairment,4198685,1,efi_sno,0
Visual impairment,40381115,1,efi_sno,0
Visual impairment,4084691,1,efi_sno,0
Visual impairment,4230656,1,efi_sno,0
Visual impairment,40392093,1,efi_sno,0
Visual impairment,45757798,1,efi_sno,0
Visual impairment,378416,1,efi_sno,0
Visual impairment,312622,1,efi_sno,0
Visual impairment,40384752,1,efi_sno,0
Visual impairment,374028,1,efi_sno,0
Visual impairment,372629,1,efi_sno,0
Visual impairment,376966,1,efi_sno,0
Visual impairment,4105178,1,efi_sno,0
Visual impairment,40384756,1,efi_sno,0
Visual impairment,4087764,1,efi_sno,0
Visual impairment,4231849,1,efi_sno,0
Visual impairment,4290333,1,efi_sno,0
Visual impairment,434638,1,efi_sno,0
Visual impairment,372907,1,efi_sno,0
Visual impairment,375545,1,efi_sno,0
Visual impairment,377274,1,efi_sno,0
Visual impairment,372315,1,efi_sno,0
Visual impairment,436976,1,efi_sno,0
Visual impairment,4103579,1,efi_sno,0
Visual impairment,4109424,1,efi_sno,0
Visual impairment,373769,1,efi_sno,0
Visual impairment,373770,1,efi_sno,0
Visual impairment,381295,1,efi_sno,0
Visual impairment,376399,1,efi_sno,0
Visual impairment,40487893,1,efi_sno,0
Visual impairment,438749,1,efi_sno,0
Visual impairment,432895,1,efi_sno,0
Visual impairment,439297,1,efi_sno,0
Visual impairment,4109544,1,efi_sno,0
Visual impairment,376401,1,efi_sno,0
Visual impairment,376973,1,efi_sno,0
Visual impairment,372624,1,efi_sno,0
Visual impairment,376117,1,efi_sno,0
Visual impairment,376979,1,efi_sno,0
Visual impairment,372905,1,efi_sno,0
Visual impairment,4109548,1,efi_sno,0
Visual impairment,377864,1,efi_sno,0
Visual impairment,435810,1,efi_sno,0
Visual impairment,4317977,1,efi_sno,0
Visual impairment,377286,1,efi_sno,0
Visual impairment,373786,1,efi_sno,0
Visual impairment,372906,1,efi_sno,0
Visual impairment,377290,1,efi_sno,0
Visual impairment,4042550,1,efi_sno,0
Visual impairment,4335607,1,efi_sno,0
Visual impairment,4334115,1,efi_sno,0
Visual impairment,377570,1,efi_sno,0
Visual impairment,373487,1,efi_sno,0
Visual impairment,253482,1,efi_sno,0
Visual impairment,4111101,1,efi_sno,0
Visual impairment,373785,1,efi_sno,0
Visual impairment,44797518,1,efi_sno,0
Visual impairment,380513,1,efi_sno,0
Visual impairment,4070182,1,efi_sno,0
Visual impairment,4070183,1,efi_sno,0
Visual impairment,4319588,1,efi_sno,0
Visual impairment,381445,1,efi_sno,0
Visual impairment,255711,1,efi_sno,0
Visual impairment,4025939,1,efi_sno,0
Visual impairment,4025941,1,efi_sno,0
Visual impairment,44789132,1,efi_sno,0
Visual impairment,4047917,1,efi_sno,0
Visual impairment,4047918,1,efi_sno,0
Visual impairment,4338894,1,efi_sno,0
Visual impairment,4335998,1,efi_sno,0
Visual impairment,4266041,1,efi_sno,0
Visual impairment,4339010,1,efi_sno,0
Visual impairment,4335592,1,efi_sno,0
Visual impairment,4339013,1,efi_sno,0
Visual impairment,4339014,1,efi_sno,0
Visual impairment,44790881,1,efi_sno,0
Visual impairment,44790913,1,efi_sno,0
Visual impairment,4081143,1,efi_sno,0
Visual impairment,377285,1,efi_sno,0
Visual impairment,4088106,1,efi_sno,0
Visual impairment,4081643,1,efi_sno,0
Visual impairment,4083482,1,efi_sno,0
Visual impairment,4082621,1,efi_sno,0
Visual impairment,4090251,1,efi_sno,0
Visual impairment,4083487,1,efi_sno,0
Visual impairment,4082287,1,efi_sno,0
Visual impairment,4090259,1,efi_sno,0
Visual impairment,4090261,1,efi_sno,0
Visual impairment,4102251,1,efi_sno,0
Visual impairment,4224741,1,efi_sno,0
Visual impairment,4145421,1,efi_sno,0
Visual impairment,4146453,1,efi_sno,0
Visual impairment,4147703,1,efi_sno,0
Visual impairment,4210432,1,efi_sno,0
Visual impairment,4194749,1,efi_sno,0
Visual impairment,4194750,1,efi_sno,0
Visual impairment,4194748,1,efi_sno,0
Visual impairment,4195046,1,efi_sno,0
Visual impairment,380097,1,efi_sno,0
Visual impairment,4195988,1,efi_sno,0
Visual impairment,4208200,1,efi_sno,0
Visual impairment,4195050,1,efi_sno,0
Visual impairment,4195990,1,efi_sno,0
Visual impairment,4196122,1,efi_sno,0
Visual impairment,4196123,1,efi_sno,0
Visual impairment,4208223,1,efi_sno,0
Visual impairment,4199646,1,efi_sno,0
Visual impairment,4152403,1,efi_sno,0
Visual impairment,4225656,1,efi_sno,0
Visual impairment,4221495,1,efi_sno,0
Visual impairment,4152554,1,efi_sno,0
Visual impairment,4199963,1,efi_sno,0
Visual impairment,4197734,1,efi_sno,0
Visual impairment,4223463,1,efi_sno,0
Visual impairment,4221344,1,efi_sno,0
Visual impairment,4218499,1,efi_sno,0
Visual impairment,4186542,1,efi_sno,0
Visual impairment,4212435,1,efi_sno,0
Visual impairment,44812346,1,efi_sno,0
Visual impairment,44812315,1,efi_sno,0
Visual impairment,375538,1,efi_sno,0
Visual impairment,379811,1,efi_sno,0
Visual impairment,4265433,1,efi_sno,0
Visual impairment,44790784,1,efi_sno,0
Visual impairment,380505,1,efi_sno,0
Visual impairment,433471,1,efi_sno,0
Weight loss and anorexia,4058570,1,efi_sno,0
Weight loss and anorexia,435928,1,efi_sno,0
Weight loss and anorexia,442165,1,efi_sno,0
Weight loss and anorexia,4275273,1,efi_sno,0
Weight loss and anorexia,4229881,1,efi_sno,0
Weight loss and anorexia,4204347,1,efi_sno,0
Weight loss and anorexia,4268890,1,efi_sno,0
Weight loss and anorexia,44788734,1,efi_sno,0
Weight loss and anorexia,4309406,1,efi_sno,0
Weight loss and anorexia,40491502,1,efi_sno,0
Weight loss and anorexia,4091029,1,efi_sno,0
Weight loss and anorexia,40478919,1,efi_sno,0
